CLICK_DATE,EVENT_ID,USER_ID,USERAGENT,BROWSER_VENDOR,BROWSER_NAME,BROWSER_VERSION,HARDWARE_MODEL,ACCOUNT_ID,TIMING,PPC
2021-03-25 11:28:53.000,bbd76201ff63c6df5e80cebd,10546,"Mozilla/5.0 (Linux; Android 4.4.4; XT1080 Build/SU6-7.7) AppleWebKit/537.36 (KHTML, like Gecko) Chrome/68.0.3440.91 Mobile Safari/537.36",Google,Chrome Mobile,68,XT1080,63448,20,0.13
2021-03-25 12:23:55.000,b50348e6c7145bed7232bec6,10380,"Mozilla/5.0 (Linux; Android 4.4.4; XT1080 Build/SU6-7.7) AppleWebKit/537.36 (KHTML, like Gecko) Chrome/68.0.3440.91 Mobile Safari/537.36",Google,Chrome Mobile,68,XT1080,63448,23,
2021-03-25 12:24:35.000,42773c10f1bce7e5a5965f7c,10380,"Mozilla/5.0 (Linux; Android 4.4.4; XT1080 Build/SU6-7.7) AppleWebKit/537.36 (KHTML, like Gecko) Chrome/68.0.3440.91 Mobile Safari/537.36",Google,Chrome Mobile,68,XT1080,63448,17,
2021-03-25 02:47:02.000,a1d75e79300644c2ce01cfea,11312,"Mozilla/5.0 (Linux; Android 9; Lenovo TB-X605LC) AppleWebKit/537.36 (KHTML, like Gecko) Chrome/88.0.4324.152 Safari/537.36",Google,Chrome Mobile,85,TB-X605LC,63541,10,
2021-03-25 10:25:03.000,d6cd8b45c0316aa91f1cd223,11312,"Mozilla/5.0 (Linux; Android 9; Lenovo TB-X605LC) AppleWebKit/537.36 (KHTML, like Gecko) Chrome/88.0.4324.152 Safari/537.36",Google,Chrome Mobile,85,TB-X605LC,63541,6,
2021-03-25 00:20:16.000,58a752444bfa4dbaeb115660,11146,"Mozilla/5.0 (Linux; Android 8.1.0; Primo R5) AppleWebKit/537.36 (KHTML, like Gecko) Chrome/88.0.4324.152 Mobile Safari/537.36",Google,Chrome Mobile,85,Primo R5,63541,16,0.00078
2021-03-25 00:21:35.000,4d922896aee84569d0070191,10046,"Mozilla/5.0 (Linux; Android 6.0.1; LGLS676) AppleWebKit/537.36 (KHTML, like Gecko) Chrome/73.0.3683.90 Mobile Safari/537.36",Google,Chrome Mobile,73,LS676,63448,30,0.07
2021-03-25 08:28:33.000,f4703a9df8f77797023e0331,10046,"Mozilla/5.0 (Linux; Android 6.0.1; LGLS676) AppleWebKit/537.36 (KHTML, like Gecko) Chrome/73.0.3683.90 Mobile Safari/537.36",Google,Chrome Mobile,73,LS676,63448,17,0.13
2021-03-25 00:11:48.000,d87b13a6341e8e6b19fc91c7,10046,"Mozilla/5.0 (Linux; Android 6.0.1; LGLS676) AppleWebKit/537.36 (KHTML, like Gecko) Chrome/73.0.3683.90 Mobile Safari/537.36",Google,Chrome Mobile,73,LS676,63448,19,0.13
2021-03-25 00:11:49.000,6135f2e5b414ded07be466eb,10046,"Mozilla/5.0 (Linux; Android 6.0.1; LGLS676) AppleWebKit/537.36 (KHTML, like Gecko) Chrome/73.0.3683.90 Mobile Safari/537.36",Google,Chrome Mobile,73,LS676,63448,26,
2021-03-25 13:14:41.000,5b0546405490a4da5e71a44b,10918,"Mozilla/5.0 (Linux; Android 6.0.1; LGLS676) AppleWebKit/537.36 (KHTML, like Gecko) Chrome/73.0.3683.90 Mobile Safari/537.36",Google,Chrome Mobile,73,LS676,63602,9,0.13
2021-03-25 09:47:40.000,76c8c3aa90c60fb1b350779c,10380,"Mozilla/5.0 (Linux; Android 9; SM-J730G) AppleWebKit/537.36 (KHTML, like Gecko) Chrome/72.0.3626.121 Mobile Safari/537.36",Google,Chrome Mobile,72,SM-J730G,48109,14,
2021-03-25 12:33:31.000,329e459b6c9df7123eead8a5,10046,"Mozilla/5.0 (Linux; Android 8.1.0; SM-J727T) AppleWebKit/537.36 (KHTML, like Gecko) Chrome/75.0.3770.143 Mobile Safari/537.36",Google,Chrome Mobile,75,SM-J727T,2509,7,0.07
2021-03-25 05:16:24.000,229fd577f3e7a129a415600c,11341,"Mozilla/5.0 (Linux; Android 7.0; PRA-LX3) AppleWebKit/537.36 (KHTML, like Gecko) Chrome/87.0.4280.101 Mobile Safari/537.36",Google,Chrome Mobile,85,PRA-LX3,63541,14,0.02
2021-03-25 09:54:42.000,08e6e641a062c5cf040723fd,11316,"Mozilla/5.0 (Linux; Android 5.0.1; GT-I9515) AppleWebKit/537.36 (KHTML, like Gecko) Chrome/87.0.4280.101 Mobile Safari/537.36",Google,Chrome Mobile,85,GT-I9515,801,8,
2021-03-25 09:54:42.000,7d0f1698e172160aa412a1b4,11316,"Mozilla/5.0 (Linux; Android 5.0.1; GT-I9515) AppleWebKit/537.36 (KHTML, like Gecko) Chrome/87.0.4280.101 Mobile Safari/537.36",Google,Chrome Mobile,85,GT-I9515,801,16,
2021-03-25 09:54:42.000,085d17c4155f8f0e7b42e8ca,11316,"Mozilla/5.0 (Linux; Android 5.0.1; GT-I9515) AppleWebKit/537.36 (KHTML, like Gecko) Chrome/87.0.4280.101 Mobile Safari/537.36",Google,Chrome Mobile,85,GT-I9515,801,6,
2021-03-25 09:54:42.000,b7f7a9e043f9c3ec095fe1e5,11316,"Mozilla/5.0 (Linux; Android 5.0.1; GT-I9515) AppleWebKit/537.36 (KHTML, like Gecko) Chrome/87.0.4280.101 Mobile Safari/537.36",Google,Chrome Mobile,85,GT-I9515,801,7,
2021-03-25 09:54:42.000,00228984f61b717865467a8b,11316,"Mozilla/5.0 (Linux; Android 5.0.1; GT-I9515) AppleWebKit/537.36 (KHTML, like Gecko) Chrome/87.0.4280.101 Mobile Safari/537.36",Google,Chrome Mobile,85,GT-I9515,801,7,0.07
2021-03-25 09:54:43.000,538d6776cee0b18391b0f484,11316,"Mozilla/5.0 (Linux; Android 5.0.1; GT-I9515) AppleWebKit/537.36 (KHTML, like Gecko) Chrome/87.0.4280.101 Mobile Safari/537.36",Google,Chrome Mobile,85,GT-I9515,801,9,0.07
2021-03-25 09:54:43.000,e6762494aed386ff5fe3956c,11316,"Mozilla/5.0 (Linux; Android 5.0.1; GT-I9515) AppleWebKit/537.36 (KHTML, like Gecko) Chrome/87.0.4280.101 Mobile Safari/537.36",Google,Chrome Mobile,85,GT-I9515,801,9,
2021-03-25 09:54:43.000,1f154e4ab72ce96abfb64a4f,11316,"Mozilla/5.0 (Linux; Android 5.0.1; GT-I9515) AppleWebKit/537.36 (KHTML, like Gecko) Chrome/87.0.4280.101 Mobile Safari/537.36",Google,Chrome Mobile,85,GT-I9515,801,7,
2021-03-25 09:54:42.000,2db8b814e37d48d40c889b41,11316,"Mozilla/5.0 (Linux; Android 5.0.1; GT-I9515) AppleWebKit/537.36 (KHTML, like Gecko) Chrome/87.0.4280.101 Mobile Safari/537.36",Google,Chrome Mobile,85,GT-I9515,,6,
2021-03-25 09:54:43.000,c7df5007031b084cd6b96e56,11316,"Mozilla/5.0 (Linux; Android 5.0.1; GT-I9515) AppleWebKit/537.36 (KHTML, like Gecko) Chrome/87.0.4280.101 Mobile Safari/537.36",Google,Chrome Mobile,85,GT-I9515,801,8,
2021-03-25 09:54:43.000,f86e43f816f8cdacffc691cf,11316,"Mozilla/5.0 (Linux; Android 5.0.1; GT-I9515) AppleWebKit/537.36 (KHTML, like Gecko) Chrome/87.0.4280.101 Mobile Safari/537.36",Google,Chrome Mobile,85,GT-I9515,801,7,0.07
2021-03-25 09:54:43.000,72e228d3430f8b754757060c,11316,"Mozilla/5.0 (Linux; Android 5.0.1; GT-I9515) AppleWebKit/537.36 (KHTML, like Gecko) Chrome/87.0.4280.101 Mobile Safari/537.36",Google,Chrome Mobile,85,GT-I9515,801,8,
2021-03-25 09:54:43.000,a2a30be86845923c43bd83cd,11316,"Mozilla/5.0 (Linux; Android 5.0.1; GT-I9515) AppleWebKit/537.36 (KHTML, like Gecko) Chrome/87.0.4280.101 Mobile Safari/537.36",Google,Chrome Mobile,85,GT-I9515,801,11,
2021-03-25 09:54:43.000,97e868002b535d9d9558eeb4,11316,"Mozilla/5.0 (Linux; Android 5.0.1; GT-I9515) AppleWebKit/537.36 (KHTML, like Gecko) Chrome/87.0.4280.101 Mobile Safari/537.36",Google,Chrome Mobile,85,GT-I9515,801,9,
2021-03-25 09:54:43.000,8c1317d06e5a9e4f5327779c,11316,"Mozilla/5.0 (Linux; Android 5.0.1; GT-I9515) AppleWebKit/537.36 (KHTML, like Gecko) Chrome/87.0.4280.101 Mobile Safari/537.36",Google,Chrome Mobile,85,GT-I9515,801,7,
2021-03-25 09:54:43.000,308199a4347fc472b6cda1de,11316,"Mozilla/5.0 (Linux; Android 5.0.1; GT-I9515) AppleWebKit/537.36 (KHTML, like Gecko) Chrome/87.0.4280.101 Mobile Safari/537.36",Google,Chrome Mobile,85,GT-I9515,801,6,
2021-03-25 09:54:43.000,af0cc9744348b03769b78a49,11316,"Mozilla/5.0 (Linux; Android 5.0.1; GT-I9515) AppleWebKit/537.36 (KHTML, like Gecko) Chrome/87.0.4280.101 Mobile Safari/537.36",Google,Chrome Mobile,85,GT-I9515,801,6,
2021-03-25 09:54:43.000,416c3fcb6acdcd2fab4f8516,11316,"Mozilla/5.0 (Linux; Android 5.0.1; GT-I9515) AppleWebKit/537.36 (KHTML, like Gecko) Chrome/87.0.4280.101 Mobile Safari/537.36",Google,Chrome Mobile,85,GT-I9515,801,6,
2021-03-25 09:54:43.000,d8bc1ee931dc2bd38af3bf32,11316,"Mozilla/5.0 (Linux; Android 5.0.1; GT-I9515) AppleWebKit/537.36 (KHTML, like Gecko) Chrome/87.0.4280.101 Mobile Safari/537.36",Google,Chrome Mobile,85,GT-I9515,801,8,0.07
2021-03-25 09:54:43.000,1975e46748f91c5223b26d5c,11316,"Mozilla/5.0 (Linux; Android 5.0.1; GT-I9515) AppleWebKit/537.36 (KHTML, like Gecko) Chrome/87.0.4280.101 Mobile Safari/537.36",Google,Chrome Mobile,85,GT-I9515,801,7,0.07
2021-03-25 09:54:43.000,f55dc6f582fe8cb181beb52c,11316,"Mozilla/5.0 (Linux; Android 5.0.1; GT-I9515) AppleWebKit/537.36 (KHTML, like Gecko) Chrome/87.0.4280.101 Mobile Safari/537.36",Google,Chrome Mobile,85,GT-I9515,801,6,
2021-03-25 09:54:43.000,923001b0cea8be26f6399884,11316,"Mozilla/5.0 (Linux; Android 5.0.1; GT-I9515) AppleWebKit/537.36 (KHTML, like Gecko) Chrome/87.0.4280.101 Mobile Safari/537.36",Google,Chrome Mobile,85,GT-I9515,801,6,
2021-03-25 09:54:43.000,56db33a314f38b5d513d3707,11316,"Mozilla/5.0 (Linux; Android 5.0.1; GT-I9515) AppleWebKit/537.36 (KHTML, like Gecko) Chrome/87.0.4280.101 Mobile Safari/537.36",Google,Chrome Mobile,85,GT-I9515,801,7,
2021-03-25 09:54:43.000,9086ef983f1837414bd9b051,11316,"Mozilla/5.0 (Linux; Android 5.0.1; GT-I9515) AppleWebKit/537.36 (KHTML, like Gecko) Chrome/87.0.4280.101 Mobile Safari/537.36",Google,Chrome Mobile,85,GT-I9515,801,7,
2021-03-25 09:54:43.000,9e4d6923ea29b4311cba4ae0,11316,"Mozilla/5.0 (Linux; Android 5.0.1; GT-I9515) AppleWebKit/537.36 (KHTML, like Gecko) Chrome/87.0.4280.101 Mobile Safari/537.36",Google,Chrome Mobile,85,GT-I9515,801,7,
2021-03-25 09:54:43.000,6c1ddb2ec2b6ba2a870aa476,11316,"Mozilla/5.0 (Linux; Android 5.0.1; GT-I9515) AppleWebKit/537.36 (KHTML, like Gecko) Chrome/87.0.4280.101 Mobile Safari/537.36",Google,Chrome Mobile,85,GT-I9515,,5,0.07
2021-03-25 09:54:43.000,14ccff43956d6af83dbd0d17,11316,"Mozilla/5.0 (Linux; Android 5.0.1; GT-I9515) AppleWebKit/537.36 (KHTML, like Gecko) Chrome/87.0.4280.101 Mobile Safari/537.36",Google,Chrome Mobile,85,GT-I9515,,6,0.07
2021-03-25 09:54:43.000,9f7f9125128f4a7c820daf59,11316,"Mozilla/5.0 (Linux; Android 5.0.1; GT-I9515) AppleWebKit/537.36 (KHTML, like Gecko) Chrome/87.0.4280.101 Mobile Safari/537.36",Google,Chrome Mobile,85,GT-I9515,,10,0.07
2021-03-25 09:54:43.000,293785ce1096e612f54323ab,11316,"Mozilla/5.0 (Linux; Android 5.0.1; GT-I9515) AppleWebKit/537.36 (KHTML, like Gecko) Chrome/87.0.4280.101 Mobile Safari/537.36",Google,Chrome Mobile,85,GT-I9515,801,7,0.07
2021-03-25 09:54:43.000,e2c094d4057002d82e77e42b,11316,"Mozilla/5.0 (Linux; Android 5.0.1; GT-I9515) AppleWebKit/537.36 (KHTML, like Gecko) Chrome/87.0.4280.101 Mobile Safari/537.36",Google,Chrome Mobile,85,GT-I9515,801,6,
2021-03-25 09:54:43.000,6e291ff1f3a9f2bd5bae57d2,11316,"Mozilla/5.0 (Linux; Android 5.0.1; GT-I9515) AppleWebKit/537.36 (KHTML, like Gecko) Chrome/87.0.4280.101 Mobile Safari/537.36",Google,Chrome Mobile,85,GT-I9515,801,8,
2021-03-25 09:54:42.000,cc431371e5cc645caf6c128b,11316,"Mozilla/5.0 (Linux; Android 5.0.1; GT-I9515) AppleWebKit/537.36 (KHTML, like Gecko) Chrome/87.0.4280.101 Mobile Safari/537.36",Google,Chrome Mobile,85,GT-I9515,801,5,0.07
2021-03-25 09:54:43.000,8eab30957b20a5fecf3d1afd,11316,"Mozilla/5.0 (Linux; Android 5.0.1; GT-I9515) AppleWebKit/537.36 (KHTML, like Gecko) Chrome/87.0.4280.101 Mobile Safari/537.36",Google,Chrome Mobile,85,GT-I9515,801,7,0.07
2021-03-25 09:54:43.000,45d045601d88164714c3a62c,11316,"Mozilla/5.0 (Linux; Android 5.0.1; GT-I9515) AppleWebKit/537.36 (KHTML, like Gecko) Chrome/87.0.4280.101 Mobile Safari/537.36",Google,Chrome Mobile,85,GT-I9515,801,5,
2021-03-25 09:54:43.000,1a4925a1be124113333af7c5,11316,"Mozilla/5.0 (Linux; Android 5.0.1; GT-I9515) AppleWebKit/537.36 (KHTML, like Gecko) Chrome/87.0.4280.101 Mobile Safari/537.36",Google,Chrome Mobile,85,GT-I9515,801,7,
2021-03-25 09:54:43.000,b3daf27aee291d89d9646de2,11316,"Mozilla/5.0 (Linux; Android 5.0.1; GT-I9515) AppleWebKit/537.36 (KHTML, like Gecko) Chrome/87.0.4280.101 Mobile Safari/537.36",Google,Chrome Mobile,85,GT-I9515,,9,0.07
2021-03-25 09:54:43.000,8d362ba67a46cc33b4407334,11316,"Mozilla/5.0 (Linux; Android 5.0.1; GT-I9515) AppleWebKit/537.36 (KHTML, like Gecko) Chrome/87.0.4280.101 Mobile Safari/537.36",Google,Chrome Mobile,85,GT-I9515,801,16,
2021-03-25 09:54:43.000,85509174c04c56ec329d8759,11316,"Mozilla/5.0 (Linux; Android 5.0.1; GT-I9515) AppleWebKit/537.36 (KHTML, like Gecko) Chrome/87.0.4280.101 Mobile Safari/537.36",Google,Chrome Mobile,85,GT-I9515,801,7,
2021-03-25 09:54:43.000,2840c59cdc1eaea7ebb7e5e7,11316,"Mozilla/5.0 (Linux; Android 5.0.1; GT-I9515) AppleWebKit/537.36 (KHTML, like Gecko) Chrome/87.0.4280.101 Mobile Safari/537.36",Google,Chrome Mobile,85,GT-I9515,801,9,
2021-03-25 09:54:43.000,23d95581f75c442f76f48979,11316,"Mozilla/5.0 (Linux; Android 5.0.1; GT-I9515) AppleWebKit/537.36 (KHTML, like Gecko) Chrome/87.0.4280.101 Mobile Safari/537.36",Google,Chrome Mobile,85,GT-I9515,801,7,
2021-03-25 09:54:43.000,328049ec61802c1957bd7e68,11316,"Mozilla/5.0 (Linux; Android 5.0.1; GT-I9515) AppleWebKit/537.36 (KHTML, like Gecko) Chrome/87.0.4280.101 Mobile Safari/537.36",Google,Chrome Mobile,85,GT-I9515,801,8,
2021-03-25 09:54:43.000,36289e7388b307a3ddb4982b,11316,"Mozilla/5.0 (Linux; Android 5.0.1; GT-I9515) AppleWebKit/537.36 (KHTML, like Gecko) Chrome/87.0.4280.101 Mobile Safari/537.36",Google,Chrome Mobile,85,GT-I9515,801,7,
2021-03-25 09:54:43.000,cd256307b85c3ccad5bd59ae,11316,"Mozilla/5.0 (Linux; Android 5.0.1; GT-I9515) AppleWebKit/537.36 (KHTML, like Gecko) Chrome/87.0.4280.101 Mobile Safari/537.36",Google,Chrome Mobile,85,GT-I9515,801,8,
2021-03-25 09:54:43.000,7b252d8c1909a64f68a9ca5c,11316,"Mozilla/5.0 (Linux; Android 5.0.1; GT-I9515) AppleWebKit/537.36 (KHTML, like Gecko) Chrome/87.0.4280.101 Mobile Safari/537.36",Google,Chrome Mobile,85,GT-I9515,801,8,
2021-03-25 09:54:43.000,d1ad2295c8d6fce4bf92d774,11316,"Mozilla/5.0 (Linux; Android 5.0.1; GT-I9515) AppleWebKit/537.36 (KHTML, like Gecko) Chrome/87.0.4280.101 Mobile Safari/537.36",Google,Chrome Mobile,85,GT-I9515,801,9,
2021-03-25 09:54:43.000,8c318b66ad8dc0572d7bb870,11316,"Mozilla/5.0 (Linux; Android 5.0.1; GT-I9515) AppleWebKit/537.36 (KHTML, like Gecko) Chrome/87.0.4280.101 Mobile Safari/537.36",Google,Chrome Mobile,85,GT-I9515,801,6,
2021-03-25 09:54:43.000,a168440371ee73bfb7eb6b2f,11316,"Mozilla/5.0 (Linux; Android 5.0.1; GT-I9515) AppleWebKit/537.36 (KHTML, like Gecko) Chrome/87.0.4280.101 Mobile Safari/537.36",Google,Chrome Mobile,85,GT-I9515,801,8,
2021-03-25 09:54:44.000,f7b00dcf1c5cc3f572cd04d1,11316,"Mozilla/5.0 (Linux; Android 5.0.1; GT-I9515) AppleWebKit/537.36 (KHTML, like Gecko) Chrome/87.0.4280.101 Mobile Safari/537.36",Google,Chrome Mobile,85,GT-I9515,801,8,
2021-03-25 09:54:43.000,3f72bce2b7bff38196557118,11316,"Mozilla/5.0 (Linux; Android 5.0.1; GT-I9515) AppleWebKit/537.36 (KHTML, like Gecko) Chrome/87.0.4280.101 Mobile Safari/537.36",Google,Chrome Mobile,85,GT-I9515,801,5,
2021-03-25 09:54:43.000,2390dbb87bbe639b883b90aa,11316,"Mozilla/5.0 (Linux; Android 5.0.1; GT-I9515) AppleWebKit/537.36 (KHTML, like Gecko) Chrome/87.0.4280.101 Mobile Safari/537.36",Google,Chrome Mobile,85,GT-I9515,801,8,
2021-03-25 09:54:43.000,1eceaca0468b2b8ae4d4c973,11316,"Mozilla/5.0 (Linux; Android 5.0.1; GT-I9515) AppleWebKit/537.36 (KHTML, like Gecko) Chrome/87.0.4280.101 Mobile Safari/537.36",Google,Chrome Mobile,85,GT-I9515,801,8,
2021-03-25 04:49:49.000,071e097516c7e001b3a34945,11316,"Mozilla/5.0 (Linux; Android 6.0.1; ONE E1003) AppleWebKit/537.36 (KHTML, like Gecko) Chrome/87.0.4280.101 Mobile Safari/537.36",Google,Chrome Mobile,85,E1003,801,17,
2021-03-25 08:50:20.000,dd214d3f085c44cb4679db79,11317,"Mozilla/5.0 (Linux; Android 8.0.0; ATU-L11) AppleWebKit/537.36 (KHTML, like Gecko) Chrome/87.0.4280.101 Mobile Safari/537.36",Google,Chrome Mobile,85,ATU-L11,63412,9,
2021-03-25 12:12:14.000,56ec6e6f63b27196ce519efd,11317,"Mozilla/5.0 (Linux; Android 8.0.0; ATU-L11) AppleWebKit/537.36 (KHTML, like Gecko) Chrome/87.0.4280.101 Mobile Safari/537.36",Google,Chrome Mobile,85,ATU-L11,63412,8,
2021-03-25 03:05:49.000,aa2e3eeb93ca2ca13a6df2be,10917,"Mozilla/5.0 (Linux; Android 8.0.0; ATU-L11) AppleWebKit/537.36 (KHTML, like Gecko) Chrome/87.0.4280.101 Mobile Safari/537.36",Google,Chrome Mobile,85,ATU-L11,63370,15,
2021-03-25 12:51:47.000,2ed541688a0e22228fab522a,10928,"Mozilla/5.0 (Linux; Android 6.0.1; SM-S550TL) AppleWebKit/537.36 (KHTML, like Gecko) Chrome/87.0.4280.101 Mobile Safari/537.36",Google,Chrome Mobile,85,SM-S550TL,2509,8,
2021-03-25 10:00:01.000,fe373b1de8787ec8ad8156dc,11316,"Mozilla/5.0 (Linux; Android 9; SNE-LX1) AppleWebKit/537.36 (KHTML, like Gecko) Chrome/87.0.4280.101 Mobile Safari/537.36",Google,Chrome Mobile,85,SNE-LX1,801,10,
2021-03-25 11:25:48.000,147f01935b16529b9decf04c,11316,"Mozilla/5.0 (Linux; Android 9; SNE-LX1) AppleWebKit/537.36 (KHTML, like Gecko) Chrome/87.0.4280.101 Mobile Safari/537.36",Google,Chrome Mobile,85,SNE-LX1,801,6,
2021-03-25 11:12:40.000,2a29f35f239a0b4b7a6ec456,11316,"Mozilla/5.0 (Linux; Android 9; SNE-LX1) AppleWebKit/537.36 (KHTML, like Gecko) Chrome/87.0.4280.101 Mobile Safari/537.36",Google,Chrome Mobile,85,SNE-LX1,801,7,
2021-03-25 11:04:06.000,43e4363c86fe631d1a186519,11045,"Mozilla/5.0 (Linux; Android 6.0.1; SM-A700FD) AppleWebKit/537.36 (KHTML, like Gecko) Chrome/87.0.4280.101 Mobile Safari/537.36",Google,Chrome Mobile,85,SM-A700FD,63541,7,
2021-03-25 04:52:25.000,ec1adf11ca263ea6da2d3e9a,11111,"Mozilla/5.0 (Linux; Android 8.1.0; 5033E) AppleWebKit/537.36 (KHTML, like Gecko) Chrome/87.0.4280.101 Mobile Safari/537.36",Google,Chrome Mobile,85,5033E,63448,11,0.13
2021-03-25 05:39:24.000,8f1a9d92a397a00ab9bee55c,10522,"Mozilla/5.0 (Linux; Android 8.1.0; 5033E) AppleWebKit/537.36 (KHTML, like Gecko) Chrome/87.0.4280.101 Mobile Safari/537.36",Google,Chrome Mobile,85,5033E,58118,16,0.12
2021-03-25 07:01:29.000,9ff1257cabf2426ced330a5d,11352,"Mozilla/5.0 (Linux; Android 8.0.0; LDN-LX2) AppleWebKit/537.36 (KHTML, like Gecko) Chrome/87.0.4280.101 Mobile Safari/537.36",Google,Chrome Mobile,87,LDN-LX2,63541,15,
2021-03-25 10:40:52.000,a0e441ac699de5722e8b6295,11045,"Mozilla/5.0 (Linux; Android 8.0.0; LDN-LX2) AppleWebKit/537.36 (KHTML, like Gecko) Chrome/87.0.4280.101 Mobile Safari/537.36",Google,Chrome Mobile,87,LDN-LX2,63541,4,
2021-03-25 09:09:54.000,90b2d31358d9448b4e1cc333,10521,"Mozilla/5.0 (Linux; Android 8.1.0; LM-X210CM) AppleWebKit/537.36 (KHTML, like Gecko) Chrome/70.0.3538.110 Mobile Safari/537.36",Google,Chrome Mobile,70,LMX210CM,63448,5,
2021-03-25 13:07:09.000,66d1dfa8769f58223d220ed4,10898,"Mozilla/5.0 (Linux; Android 8.1.0; LM-X210CM) AppleWebKit/537.36 (KHTML, like Gecko) Chrome/70.0.3538.110 Mobile Safari/537.36",Google,Chrome Mobile,70,LMX210CM,2509,5,
2021-03-25 13:07:18.000,bf9478aa9cc31561045f363e,10958,"Mozilla/5.0 (Linux; Android 8.1.0; LM-X210CM) AppleWebKit/537.36 (KHTML, like Gecko) Chrome/70.0.3538.110 Mobile Safari/537.36",Google,Chrome Mobile,70,LMX210CM,52022,6,
2021-03-25 05:53:25.000,8b2f14c77e4131b833a52a7f,10850,"Mozilla/5.0 (Linux; Android 8.1.0; LM-X210CM) AppleWebKit/537.36 (KHTML, like Gecko) Chrome/70.0.3538.110 Mobile Safari/537.36",Google,Chrome Mobile,70,LMX210CM,801,15,
2021-03-25 05:54:13.000,9651e9b89336d5149eddd778,11111,"Mozilla/5.0 (Linux; Android 8.1.0; LM-X210CM) AppleWebKit/537.36 (KHTML, like Gecko) Chrome/70.0.3538.110 Mobile Safari/537.36",Google,Chrome Mobile,70,LMX210CM,2509,5,
2021-03-25 05:37:37.000,b8c8eafa8a146af81673e6c2,10046,"Mozilla/5.0 (Linux; Android 8.1.0; LM-X210CM) AppleWebKit/537.36 (KHTML, like Gecko) Chrome/70.0.3538.110 Mobile Safari/537.36",Google,Chrome Mobile,70,LMX210CM,63448,18,
2021-03-25 06:40:17.000,0acb30143b684e7d9447e7b6,10546,"Mozilla/5.0 (Linux; Android 8.1.0; LM-X210CM) AppleWebKit/537.36 (KHTML, like Gecko) Chrome/70.0.3538.110 Mobile Safari/537.36",Google,Chrome Mobile,70,LMX210CM,63448,17,0.13
2021-03-25 08:32:33.000,d08cfd613b384ae9c323314b,10878,"Mozilla/5.0 (Linux; Android 8.1.0; LM-X210CM) AppleWebKit/537.36 (KHTML, like Gecko) Chrome/70.0.3538.110 Mobile Safari/537.36",Google,Chrome Mobile,70,LMX210CM,2509,8,
2021-03-25 08:57:35.000,e1c7d1709650da811827d9c7,10558,"Mozilla/5.0 (Linux; Android 8.1.0; LM-X210CM) AppleWebKit/537.36 (KHTML, like Gecko) Chrome/70.0.3538.110 Mobile Safari/537.36",Google,Chrome Mobile,70,LMX210CM,2509,5,
2021-03-25 06:38:11.000,133889f820790566b216f62f,10898,"Mozilla/5.0 (Linux; Android 8.1.0; LM-X210CM) AppleWebKit/537.36 (KHTML, like Gecko) Chrome/70.0.3538.110 Mobile Safari/537.36",Google,Chrome Mobile,70,LMX210CM,63450,16,0.13
2021-03-25 08:54:31.000,eda88c8fc862088cffd3bc90,10915,"Mozilla/5.0 (Linux; Android 8.1.0; LM-X210CM) AppleWebKit/537.36 (KHTML, like Gecko) Chrome/70.0.3538.110 Mobile Safari/537.36",Google,Chrome Mobile,70,LMX210CM,801,22,
2021-03-25 05:13:29.000,21a03f9ac6e33173b3a32a55,10956,"Mozilla/5.0 (Linux; Android 8.1.0; LM-X210CM) AppleWebKit/537.36 (KHTML, like Gecko) Chrome/70.0.3538.110 Mobile Safari/537.36",Google,Chrome Mobile,70,LMX210CM,2509,17,
2021-03-25 04:52:05.000,c0a4de909e18ccaea2ade47b,10902,"Mozilla/5.0 (Linux; Android 8.1.0; LM-X210CM) AppleWebKit/537.36 (KHTML, like Gecko) Chrome/70.0.3538.110 Mobile Safari/537.36",Google,Chrome Mobile,70,LMX210CM,801,25,
2021-03-25 11:45:51.000,db6a611596d7c830486a1e1b,10952,"Mozilla/5.0 (Linux; Android 8.1.0; LM-X210CM) AppleWebKit/537.36 (KHTML, like Gecko) Chrome/70.0.3538.110 Mobile Safari/537.36",Google,Chrome Mobile,70,LMX210CM,2509,7,
2021-03-25 09:08:16.000,ebc362a2d5abe81a4cf10d47,10951,"Mozilla/5.0 (Linux; Android 8.1.0; LM-X210CM) AppleWebKit/537.36 (KHTML, like Gecko) Chrome/70.0.3538.110 Mobile Safari/537.36",Google,Chrome Mobile,70,LMX210CM,,6,
2021-03-25 09:04:39.000,17010964c206d6f3c7b4f779,11210,"Mozilla/5.0 (Linux; Android 8.1.0; LM-X210CM) AppleWebKit/537.36 (KHTML, like Gecko) Chrome/70.0.3538.110 Mobile Safari/537.36",Google,Chrome Mobile,70,LMX210CM,63448,6,0.13
2021-03-25 09:10:55.000,b01a8d65934cd471c627319c,10249,"Mozilla/5.0 (Linux; Android 8.1.0; LM-X210CM) AppleWebKit/537.36 (KHTML, like Gecko) Chrome/70.0.3538.110 Mobile Safari/537.36",Google,Chrome Mobile,70,LMX210CM,63801,5,
2021-03-25 09:10:59.000,b98683ba1a572831847b2624,10784,"Mozilla/5.0 (Linux; Android 8.1.0; LM-X210CM) AppleWebKit/537.36 (KHTML, like Gecko) Chrome/70.0.3538.110 Mobile Safari/537.36",Google,Chrome Mobile,70,LMX210CM,2509,6,
2021-03-25 04:44:52.000,7489f8bca3c707e13487d640,10928,"Mozilla/5.0 (Linux; Android 8.1.0; LM-X210CM) AppleWebKit/537.36 (KHTML, like Gecko) Chrome/70.0.3538.110 Mobile Safari/537.36",Google,Chrome Mobile,70,LMX210CM,2509,13,
2021-03-25 05:51:02.000,c3533d05021e89d3b6d822ac,10558,"Mozilla/5.0 (Linux; Android 8.1.0; LM-X210CM) AppleWebKit/537.36 (KHTML, like Gecko) Chrome/70.0.3538.110 Mobile Safari/537.36",Google,Chrome Mobile,70,LMX210CM,2509,9,
2021-03-25 05:51:36.000,0a63365b3c69be6b3cac313c,10521,"Mozilla/5.0 (Linux; Android 8.1.0; LM-X210CM) AppleWebKit/537.36 (KHTML, like Gecko) Chrome/70.0.3538.110 Mobile Safari/537.36",Google,Chrome Mobile,70,LMX210CM,2509,4,
2021-03-25 05:56:36.000,68bd430b92406c314332d6e5,10928,"Mozilla/5.0 (Linux; Android 8.1.0; LM-X210CM) AppleWebKit/537.36 (KHTML, like Gecko) Chrome/70.0.3538.110 Mobile Safari/537.36",Google,Chrome Mobile,70,LMX210CM,,15,
2021-03-25 02:34:34.000,ae17be8d264277dda04076f4,10951,"Mozilla/5.0 (Linux; Android 8.1.0; LM-X210CM) AppleWebKit/537.36 (KHTML, like Gecko) Chrome/70.0.3538.110 Mobile Safari/537.36",Google,Chrome Mobile,70,LMX210CM,2509,16,
2021-03-25 02:33:23.000,938e055ecb19a10bb0e4046d,10935,"Mozilla/5.0 (Linux; Android 8.1.0; LM-X210CM) AppleWebKit/537.36 (KHTML, like Gecko) Chrome/70.0.3538.110 Mobile Safari/537.36",Google,Chrome Mobile,70,LMX210CM,63448,17,
2021-03-25 02:11:57.000,cb6d52c464075812e79f3a8a,10828,"Mozilla/5.0 (Linux; Android 8.1.0; LM-X210CM) AppleWebKit/537.36 (KHTML, like Gecko) Chrome/70.0.3538.110 Mobile Safari/537.36",Google,Chrome Mobile,70,LMX210CM,2509,13,
2021-03-25 12:26:57.000,43afa8eafdd2fbeeb9ab58d3,10945,"Mozilla/5.0 (Linux; Android 8.1.0; LM-X210CM) AppleWebKit/537.36 (KHTML, like Gecko) Chrome/70.0.3538.110 Mobile Safari/537.36",Google,Chrome Mobile,70,LMX210CM,63448,20,
2021-03-25 12:28:09.000,87ee00f234f8a5664a52fef2,10046,"Mozilla/5.0 (Linux; Android 8.1.0; LM-X210CM) AppleWebKit/537.36 (KHTML, like Gecko) Chrome/70.0.3538.110 Mobile Safari/537.36",Google,Chrome Mobile,70,LMX210CM,63448,19,0.13
2021-03-25 12:28:27.000,7b4dc0cd5cf53e6f83e3d99b,10380,"Mozilla/5.0 (Linux; Android 8.1.0; LM-X210CM) AppleWebKit/537.36 (KHTML, like Gecko) Chrome/70.0.3538.110 Mobile Safari/537.36",Google,Chrome Mobile,70,LMX210CM,63448,16,
2021-03-25 08:44:32.000,6329300bd02a8845e7fceb5c,10928,"Mozilla/5.0 (Linux; Android 8.1.0; LM-X210CM) AppleWebKit/537.36 (KHTML, like Gecko) Chrome/70.0.3538.110 Mobile Safari/537.36",Google,Chrome Mobile,70,LMX210CM,2509,4,
2021-03-25 08:36:13.000,caf8b3abd478feadae6e9e7d,11210,"Mozilla/5.0 (Linux; Android 8.1.0; LM-X210CM) AppleWebKit/537.36 (KHTML, like Gecko) Chrome/70.0.3538.110 Mobile Safari/537.36",Google,Chrome Mobile,70,LMX210CM,63448,5,
2021-03-25 08:36:31.000,86b07118fd81e5e9e4443b47,11210,"Mozilla/5.0 (Linux; Android 8.1.0; LM-X210CM) AppleWebKit/537.36 (KHTML, like Gecko) Chrome/70.0.3538.110 Mobile Safari/537.36",Google,Chrome Mobile,70,LMX210CM,63448,28,
2021-03-25 08:42:02.000,045d5a1557ae33f6eac28c04,11210,"Mozilla/5.0 (Linux; Android 8.1.0; LM-X210CM) AppleWebKit/537.36 (KHTML, like Gecko) Chrome/70.0.3538.110 Mobile Safari/537.36",Google,Chrome Mobile,70,LMX210CM,63448,6,0.18
2021-03-25 08:18:55.000,0b62b5c25c466b86a5ec0ab6,10784,"Mozilla/5.0 (Linux; Android 8.1.0; LM-X210CM) AppleWebKit/537.36 (KHTML, like Gecko) Chrome/70.0.3538.110 Mobile Safari/537.36",Google,Chrome Mobile,70,LMX210CM,48109,10,
2021-03-25 11:25:27.000,a28059781aa6351353dcbcab,10875,"Mozilla/5.0 (Linux; Android 8.1.0; LM-X210CM) AppleWebKit/537.36 (KHTML, like Gecko) Chrome/70.0.3538.110 Mobile Safari/537.36",Google,Chrome Mobile,70,LMX210CM,63449,10,
2021-03-25 08:33:08.000,47b24b50d15b820af9bbaf20,10928,"Mozilla/5.0 (Linux; Android 8.1.0; LM-X210CM) AppleWebKit/537.36 (KHTML, like Gecko) Chrome/70.0.3538.110 Mobile Safari/537.36",Google,Chrome Mobile,70,LMX210CM,63450,10,
2021-03-25 07:13:57.000,5659926ff8ea4f0a96e0c685,10935,"Mozilla/5.0 (Linux; Android 8.1.0; LM-X210CM) AppleWebKit/537.36 (KHTML, like Gecko) Chrome/70.0.3538.110 Mobile Safari/537.36",Google,Chrome Mobile,70,LMX210CM,2509,7,
2021-03-25 08:47:34.000,9cb25722e0b5704b9e1314e4,10951,"Mozilla/5.0 (Linux; Android 8.1.0; LM-X210CM) AppleWebKit/537.36 (KHTML, like Gecko) Chrome/70.0.3538.110 Mobile Safari/537.36",Google,Chrome Mobile,70,LMX210CM,2509,9,
2021-03-25 08:49:29.000,8f1d9823b7c20ec55386d376,10953,"Mozilla/5.0 (Linux; Android 8.1.0; LM-X210CM) AppleWebKit/537.36 (KHTML, like Gecko) Chrome/70.0.3538.110 Mobile Safari/537.36",Google,Chrome Mobile,70,LMX210CM,58201,7,
2021-03-25 08:52:05.000,0015c37ee5f36b821dbd6230,10828,"Mozilla/5.0 (Linux; Android 8.1.0; LM-X210CM) AppleWebKit/537.36 (KHTML, like Gecko) Chrome/70.0.3538.110 Mobile Safari/537.36",Google,Chrome Mobile,70,LMX210CM,2509,8,
2021-03-25 07:06:21.000,a74a516b07d2c171e884ea68,10648,"Mozilla/5.0 (Linux; Android 8.1.0; LM-X210CM) AppleWebKit/537.36 (KHTML, like Gecko) Chrome/70.0.3538.110 Mobile Safari/537.36",Google,Chrome Mobile,70,LMX210CM,63448,19,
2021-03-25 10:00:06.000,fb7955629c0dea3b8a44360a,10875,"Mozilla/5.0 (Linux; Android 8.1.0; LM-X210CM) AppleWebKit/537.36 (KHTML, like Gecko) Chrome/70.0.3538.110 Mobile Safari/537.36",Google,Chrome Mobile,70,LMX210CM,2509,6,
2021-03-25 10:03:29.000,4eb923b9a570cd894d74e54f,10901,"Mozilla/5.0 (Linux; Android 8.1.0; LM-X210CM) AppleWebKit/537.36 (KHTML, like Gecko) Chrome/70.0.3538.110 Mobile Safari/537.36",Google,Chrome Mobile,70,LMX210CM,2509,8,
2021-03-25 10:03:37.000,5e5c875e15d917b7315f11f0,10850,"Mozilla/5.0 (Linux; Android 8.1.0; LM-X210CM) AppleWebKit/537.36 (KHTML, like Gecko) Chrome/70.0.3538.110 Mobile Safari/537.36",Google,Chrome Mobile,70,LMX210CM,801,16,
2021-03-25 12:38:08.000,ef9718a776902da9e1e28bee,10917,"Mozilla/5.0 (Linux; Android 8.1.0; LM-X210CM) AppleWebKit/537.36 (KHTML, like Gecko) Chrome/70.0.3538.110 Mobile Safari/537.36",Google,Chrome Mobile,70,LMX210CM,827,9,
2021-03-25 01:12:42.000,90e1fd2b576ff3a401427941,10960,"Mozilla/5.0 (Linux; Android 8.1.0; LM-X210CM) AppleWebKit/537.36 (KHTML, like Gecko) Chrome/70.0.3538.110 Mobile Safari/537.36",Google,Chrome Mobile,70,LMX210CM,63449,8,
2021-03-25 05:30:27.000,4a1c83678d787f18a61d9d76,10546,"Mozilla/5.0 (Linux; Android 8.1.0; LM-X210CM) AppleWebKit/537.36 (KHTML, like Gecko) Chrome/70.0.3538.110 Mobile Safari/537.36",Google,Chrome Mobile,70,LMX210CM,63448,16,
2021-03-25 05:29:06.000,1a580ffcf1945662d4b40f42,11111,"Mozilla/5.0 (Linux; Android 8.1.0; LM-X210CM) AppleWebKit/537.36 (KHTML, like Gecko) Chrome/70.0.3538.110 Mobile Safari/537.36",Google,Chrome Mobile,70,LMX210CM,63448,5,
2021-03-25 11:56:40.000,ed1e5b67f1a5acf122da0c82,10784,"Mozilla/5.0 (Linux; Android 8.1.0; LM-X210CM) AppleWebKit/537.36 (KHTML, like Gecko) Chrome/70.0.3538.110 Mobile Safari/537.36",Google,Chrome Mobile,70,LMX210CM,2509,6,
2021-03-25 01:01:52.000,d36b210971784dd722418a34,10558,"Mozilla/5.0 (Linux; Android 8.1.0; LM-X210CM) AppleWebKit/537.36 (KHTML, like Gecko) Chrome/70.0.3538.110 Mobile Safari/537.36",Google,Chrome Mobile,70,LMX210CM,833,8,
2021-03-25 01:06:39.000,41791822165b2c2db24d3767,10901,"Mozilla/5.0 (Linux; Android 8.1.0; LM-X210CM) AppleWebKit/537.36 (KHTML, like Gecko) Chrome/70.0.3538.110 Mobile Safari/537.36",Google,Chrome Mobile,70,LMX210CM,63448,7,0.09
2021-03-25 01:07:06.000,2e421a42f3f62a13ef8be387,10900,"Mozilla/5.0 (Linux; Android 8.1.0; LM-X210CM) AppleWebKit/537.36 (KHTML, like Gecko) Chrome/70.0.3538.110 Mobile Safari/537.36",Google,Chrome Mobile,70,LMX210CM,,9,
2021-03-25 04:29:51.000,1b52c3cae7e334b915900496,10898,"Mozilla/5.0 (Linux; Android 8.1.0; LM-X210CM) AppleWebKit/537.36 (KHTML, like Gecko) Chrome/70.0.3538.110 Mobile Safari/537.36",Google,Chrome Mobile,70,LMX210CM,2509,14,
2021-03-25 05:03:40.000,4a01ab422c4054f9b81775f6,10928,"Mozilla/5.0 (Linux; Android 8.1.0; LM-X210CM) AppleWebKit/537.36 (KHTML, like Gecko) Chrome/70.0.3538.110 Mobile Safari/537.36",Google,Chrome Mobile,70,LMX210CM,58201,13,
2021-03-25 05:00:14.000,f50e8d5fb6303df33349d5d4,10850,"Mozilla/5.0 (Linux; Android 8.1.0; LM-X210CM) AppleWebKit/537.36 (KHTML, like Gecko) Chrome/70.0.3538.110 Mobile Safari/537.36",Google,Chrome Mobile,70,LMX210CM,801,16,
2021-03-25 05:00:25.000,1cf2b492a3114e24fe5bdf5f,10828,"Mozilla/5.0 (Linux; Android 8.1.0; LM-X210CM) AppleWebKit/537.36 (KHTML, like Gecko) Chrome/70.0.3538.110 Mobile Safari/537.36",Google,Chrome Mobile,70,LMX210CM,833,15,
2021-03-25 04:47:37.000,8875c4ee14117f968092f002,11111,"Mozilla/5.0 (Linux; Android 8.1.0; LM-X210CM) AppleWebKit/537.36 (KHTML, like Gecko) Chrome/70.0.3538.110 Mobile Safari/537.36",Google,Chrome Mobile,70,LMX210CM,63448,14,0.13
2021-03-25 05:03:06.000,a1972135ec31a18bf53c4808,10784,"Mozilla/5.0 (Linux; Android 8.1.0; LM-X210CM) AppleWebKit/537.36 (KHTML, like Gecko) Chrome/70.0.3538.110 Mobile Safari/537.36",Google,Chrome Mobile,70,LMX210CM,63448,16,
2021-03-25 05:03:15.000,377fcaeec38881e3888cfd6f,10628,"Mozilla/5.0 (Linux; Android 8.1.0; LM-X210CM) AppleWebKit/537.36 (KHTML, like Gecko) Chrome/70.0.3538.110 Mobile Safari/537.36",Google,Chrome Mobile,70,LMX210CM,2509,11,
2021-03-25 04:35:15.000,8b4a4bc218e267eee958d5d3,10898,"Mozilla/5.0 (Linux; Android 8.1.0; LM-X210CM) AppleWebKit/537.36 (KHTML, like Gecko) Chrome/70.0.3538.110 Mobile Safari/537.36",Google,Chrome Mobile,70,LMX210CM,,14,
2021-03-25 08:50:54.000,63d8158884a4b1719c64ccf8,10951,"Mozilla/5.0 (Linux; Android 8.1.0; LM-X210CM) AppleWebKit/537.36 (KHTML, like Gecko) Chrome/70.0.3538.110 Mobile Safari/537.36",Google,Chrome Mobile,70,LMX210CM,2509,6,
2021-03-25 09:00:01.000,2d4812bad2894ce235958695,10953,"Mozilla/5.0 (Linux; Android 8.1.0; LM-X210CM) AppleWebKit/537.36 (KHTML, like Gecko) Chrome/70.0.3538.110 Mobile Safari/537.36",Google,Chrome Mobile,70,LMX210CM,58201,6,
2021-03-25 09:00:36.000,325a1a9f27405f5290787724,11111,"Mozilla/5.0 (Linux; Android 8.1.0; LM-X210CM) AppleWebKit/537.36 (KHTML, like Gecko) Chrome/70.0.3538.110 Mobile Safari/537.36",Google,Chrome Mobile,70,LMX210CM,63448,9,0.13
2021-03-25 11:37:55.000,62bf72f84ef320f68dcf5e4b,10958,"Mozilla/5.0 (Linux; Android 8.1.0; LM-X210CM) AppleWebKit/537.36 (KHTML, like Gecko) Chrome/70.0.3538.110 Mobile Safari/537.36",Google,Chrome Mobile,70,LMX210CM,2509,5,
2021-03-25 00:49:25.000,28f47c30d725a37bd85f608b,10901,"Mozilla/5.0 (Linux; Android 8.1.0; LM-X210CM) AppleWebKit/537.36 (KHTML, like Gecko) Chrome/70.0.3538.110 Mobile Safari/537.36",Google,Chrome Mobile,70,LMX210CM,2509,8,
2021-03-25 00:40:38.000,1b1c495dea99fd71a62629cb,10901,"Mozilla/5.0 (Linux; Android 8.1.0; LM-X210CM) AppleWebKit/537.36 (KHTML, like Gecko) Chrome/70.0.3538.110 Mobile Safari/537.36",Google,Chrome Mobile,70,LMX210CM,2509,15,
2021-03-25 00:33:26.000,e83ee0a1915f6dbd66bb0d2b,10878,"Mozilla/5.0 (Linux; Android 8.1.0; LM-X210CM) AppleWebKit/537.36 (KHTML, like Gecko) Chrome/70.0.3538.110 Mobile Safari/537.36",Google,Chrome Mobile,70,LMX210CM,827,36,
2021-03-25 09:05:58.000,283d96577e42c88548959a43,10522,"Mozilla/5.0 (Linux; Android 8.1.0; LM-X210CM) AppleWebKit/537.36 (KHTML, like Gecko) Chrome/70.0.3538.110 Mobile Safari/537.36",Google,Chrome Mobile,70,LMX210CM,,8,
2021-03-25 09:06:08.000,d5df8ab18b0f50ebed8436b6,10901,"Mozilla/5.0 (Linux; Android 8.1.0; LM-X210CM) AppleWebKit/537.36 (KHTML, like Gecko) Chrome/70.0.3538.110 Mobile Safari/537.36",Google,Chrome Mobile,70,LMX210CM,833,7,
2021-03-25 09:09:14.000,aff79f9d538ef36db427f081,10249,"Mozilla/5.0 (Linux; Android 8.1.0; LM-X210CM) AppleWebKit/537.36 (KHTML, like Gecko) Chrome/70.0.3538.110 Mobile Safari/537.36",Google,Chrome Mobile,70,LMX210CM,63801,7,
2021-03-25 10:13:56.000,26581212f12bacb98a619886,11316,"Mozilla/5.0 (Linux; Android 7.0; CUBOT KING KONG) AppleWebKit/537.36 (KHTML, like Gecko) Chrome/87.0.4280.101 Mobile Safari/537.36",Google,Chrome Mobile,85,King Kong,801,8,
2021-03-25 11:39:05.000,be4f2b1613b0698931876be7,10901,"Mozilla/5.0 (Linux; Android 6.0.1; Z833) AppleWebKit/537.36 (KHTML, like Gecko) Chrome/87.0.4280.101 Mobile Safari/537.36",Google,Chrome Mobile,85,Z833,2509,7,
2021-03-25 12:11:39.000,14dcaec4164206b80ae174f4,10946,"Mozilla/5.0 (Linux; Android 6.0.1; Z833) AppleWebKit/537.36 (KHTML, like Gecko) Chrome/87.0.4280.101 Mobile Safari/537.36",Google,Chrome Mobile,85,Z833,58201,7,
2021-03-25 12:18:29.000,492af3e49c1f865d53c3280a,10946,"Mozilla/5.0 (Linux; Android 6.0.1; Z833) AppleWebKit/537.36 (KHTML, like Gecko) Chrome/87.0.4280.101 Mobile Safari/537.36",Google,Chrome Mobile,85,Z833,,6,
2021-03-25 03:48:19.000,92978dc9be06bdacc80fc391,11317,"Mozilla/5.0 (Linux; Android 9; MAR-LX1M) AppleWebKit/537.36 (KHTML, like Gecko) Chrome/87.0.4280.101 Mobile Safari/537.36",Google,Chrome Mobile,85,MAR-LX1M,63412,16,
2021-03-25 09:02:39.000,ff6e744629f43bd6e606c62c,10951,"Mozilla/5.0 (Linux; Android 8.1.0; LM-X210CM) AppleWebKit/537.36 (KHTML, like Gecko) Chrome/70.0.3538.110 Mobile Safari/537.36",Google,Chrome Mobile,70,LMX210CM,2509,9,
2021-03-25 09:02:49.000,091702c837d24997b0af16f3,10522,"Mozilla/5.0 (Linux; Android 8.1.0; LM-X210CM) AppleWebKit/537.36 (KHTML, like Gecko) Chrome/70.0.3538.110 Mobile Safari/537.36",Google,Chrome Mobile,70,LMX210CM,58118,5,
2021-03-25 11:57:01.000,7986fc87388b5c5759680d41,10953,"Mozilla/5.0 (Linux; Android 8.1.0; LM-X210CM) AppleWebKit/537.36 (KHTML, like Gecko) Chrome/70.0.3538.110 Mobile Safari/537.36",Google,Chrome Mobile,70,LMX210CM,58202,6,
2021-03-25 11:57:06.000,0ef35389e6f395145f85f502,10928,"Mozilla/5.0 (Linux; Android 8.1.0; LM-X210CM) AppleWebKit/537.36 (KHTML, like Gecko) Chrome/70.0.3538.110 Mobile Safari/537.36",Google,Chrome Mobile,70,LMX210CM,,8,
2021-03-25 11:54:19.000,ba4a5349151df5a320d807fe,10784,"Mozilla/5.0 (Linux; Android 8.1.0; LM-X210CM) AppleWebKit/537.36 (KHTML, like Gecko) Chrome/70.0.3538.110 Mobile Safari/537.36",Google,Chrome Mobile,70,LMX210CM,2509,6,
2021-03-25 11:57:39.000,22bcd6a3f5200de79f1fe922,10928,"Mozilla/5.0 (Linux; Android 8.1.0; LM-X210CM) AppleWebKit/537.36 (KHTML, like Gecko) Chrome/70.0.3538.110 Mobile Safari/537.36",Google,Chrome Mobile,70,LMX210CM,,7,
2021-03-25 03:46:53.000,acc065917f65ede9d3acf907,10828,"Mozilla/5.0 (Linux; Android 8.1.0; LM-X210CM) AppleWebKit/537.36 (KHTML, like Gecko) Chrome/70.0.3538.110 Mobile Safari/537.36",Google,Chrome Mobile,70,LMX210CM,2509,12,
2021-03-25 04:01:21.000,09afdaaad4114dc07a50a285,11210,"Mozilla/5.0 (Linux; Android 8.1.0; LM-X210CM) AppleWebKit/537.36 (KHTML, like Gecko) Chrome/70.0.3538.110 Mobile Safari/537.36",Google,Chrome Mobile,70,LMX210CM,63448,10,
2021-03-25 07:14:32.000,593b2cc17e62f915870a7091,10951,"Mozilla/5.0 (Linux; Android 8.1.0; LM-X210CM) AppleWebKit/537.36 (KHTML, like Gecko) Chrome/70.0.3538.110 Mobile Safari/537.36",Google,Chrome Mobile,70,LMX210CM,2509,8,
2021-03-25 06:58:08.000,000753815e79020c477e1168,10928,"Mozilla/5.0 (Linux; Android 8.1.0; LM-X210CM) AppleWebKit/537.36 (KHTML, like Gecko) Chrome/70.0.3538.110 Mobile Safari/537.36",Google,Chrome Mobile,70,LMX210CM,2509,7,
2021-03-25 07:05:16.000,abf66e0ef8b6cb04f32c5325,10953,"Mozilla/5.0 (Linux; Android 8.1.0; LM-X210CM) AppleWebKit/537.36 (KHTML, like Gecko) Chrome/70.0.3538.110 Mobile Safari/537.36",Google,Chrome Mobile,70,LMX210CM,58202,7,
2021-03-25 07:03:49.000,064f7a5372889860a4c30c2a,10693,"Mozilla/5.0 (Linux; Android 8.1.0; LM-X210CM) AppleWebKit/537.36 (KHTML, like Gecko) Chrome/70.0.3538.110 Mobile Safari/537.36",Google,Chrome Mobile,70,LMX210CM,48109,11,
2021-03-25 06:09:07.000,28302576057dc73564b26d5d,10928,"Mozilla/5.0 (Linux; Android 8.1.0; LM-X210CM) AppleWebKit/537.36 (KHTML, like Gecko) Chrome/70.0.3538.110 Mobile Safari/537.36",Google,Chrome Mobile,70,LMX210CM,58201,15,
2021-03-25 06:11:10.000,fde1a8dfcb002b0ef9c8a516,10558,"Mozilla/5.0 (Linux; Android 8.1.0; LM-X210CM) AppleWebKit/537.36 (KHTML, like Gecko) Chrome/70.0.3538.110 Mobile Safari/537.36",Google,Chrome Mobile,70,LMX210CM,2509,8,
2021-03-25 06:30:47.000,4b35aacf416819b542cb0f39,10784,"Mozilla/5.0 (Linux; Android 8.1.0; LM-X210CM) AppleWebKit/537.36 (KHTML, like Gecko) Chrome/70.0.3538.110 Mobile Safari/537.36",Google,Chrome Mobile,70,LMX210CM,2509,16,
2021-03-25 08:57:22.000,ba8932fef5d9b73cbc120e4d,10902,"Mozilla/5.0 (Linux; Android 8.1.0; LM-X210CM) AppleWebKit/537.36 (KHTML, like Gecko) Chrome/70.0.3538.110 Mobile Safari/537.36",Google,Chrome Mobile,70,LMX210CM,63450,7,
2021-03-25 07:42:48.000,39db3df0dcc78e533362a00e,10521,"Mozilla/5.0 (Linux; Android 8.1.0; LM-X210CM) AppleWebKit/537.36 (KHTML, like Gecko) Chrome/70.0.3538.110 Mobile Safari/537.36",Google,Chrome Mobile,70,LMX210CM,2509,7,
2021-03-25 07:43:08.000,3ee492dc123fad20048462e8,10348,"Mozilla/5.0 (Linux; Android 8.1.0; LM-X210CM) AppleWebKit/537.36 (KHTML, like Gecko) Chrome/70.0.3538.110 Mobile Safari/537.36",Google,Chrome Mobile,70,LMX210CM,2509,6,
2021-03-25 11:03:59.000,8683e9f6294d8ced869c9165,10928,"Mozilla/5.0 (Linux; Android 8.1.0; LM-X210CM) AppleWebKit/537.36 (KHTML, like Gecko) Chrome/70.0.3538.110 Mobile Safari/537.36",Google,Chrome Mobile,70,LMX210CM,2509,8,
2021-03-25 11:04:22.000,7cc2849925db41608adc7765,10850,"Mozilla/5.0 (Linux; Android 8.1.0; LM-X210CM) AppleWebKit/537.36 (KHTML, like Gecko) Chrome/70.0.3538.110 Mobile Safari/537.36",Google,Chrome Mobile,70,LMX210CM,801,7,
2021-03-25 10:51:41.000,c7973f5fc2915c30d2d40769,10558,"Mozilla/5.0 (Linux; Android 8.1.0; LM-X210CM) AppleWebKit/537.36 (KHTML, like Gecko) Chrome/70.0.3538.110 Mobile Safari/537.36",Google,Chrome Mobile,70,LMX210CM,833,4,
2021-03-25 06:43:31.000,c06c0a5db9c604529e8ea0c7,10893,"Mozilla/5.0 (Linux; Android 8.1.0; LM-X210CM) AppleWebKit/537.36 (KHTML, like Gecko) Chrome/70.0.3538.110 Mobile Safari/537.36",Google,Chrome Mobile,70,LMX210CM,842,8,
2021-03-25 06:52:38.000,8d5332e7e65c2e490daa4a57,10387,"Mozilla/5.0 (Linux; Android 8.1.0; LM-X210CM) AppleWebKit/537.36 (KHTML, like Gecko) Chrome/70.0.3538.110 Mobile Safari/537.36",Google,Chrome Mobile,70,LMX210CM,833,7,
2021-03-25 06:41:33.000,b3e92dfd3bc795010709d3db,10828,"Mozilla/5.0 (Linux; Android 8.1.0; LM-X210CM) AppleWebKit/537.36 (KHTML, like Gecko) Chrome/70.0.3538.110 Mobile Safari/537.36",Google,Chrome Mobile,70,LMX210CM,833,5,
2021-03-25 06:41:45.000,f3b3b614bdd820afb53ae309,10828,"Mozilla/5.0 (Linux; Android 8.1.0; LM-X210CM) AppleWebKit/537.36 (KHTML, like Gecko) Chrome/70.0.3538.110 Mobile Safari/537.36",Google,Chrome Mobile,70,LMX210CM,2509,15,
2021-03-25 06:21:38.000,e0631a42a9c0e8ebe581d4fa,10828,"Mozilla/5.0 (Linux; Android 8.1.0; LM-X210CM) AppleWebKit/537.36 (KHTML, like Gecko) Chrome/70.0.3538.110 Mobile Safari/537.36",Google,Chrome Mobile,70,LMX210CM,2509,14,
2021-03-25 06:21:42.000,0798b7b4abcc5aa7e9be46d3,10953,"Mozilla/5.0 (Linux; Android 8.1.0; LM-X210CM) AppleWebKit/537.36 (KHTML, like Gecko) Chrome/70.0.3538.110 Mobile Safari/537.36",Google,Chrome Mobile,70,LMX210CM,58202,14,
2021-03-25 11:27:47.000,fbd92536718d0e90ba825b74,10558,"Mozilla/5.0 (Linux; Android 8.1.0; LM-X210CM) AppleWebKit/537.36 (KHTML, like Gecko) Chrome/70.0.3538.110 Mobile Safari/537.36",Google,Chrome Mobile,70,LMX210CM,833,5,
2021-03-25 07:19:49.000,b58c4ee791ab4aaa5af4cace,10901,"Mozilla/5.0 (Linux; Android 8.1.0; LM-X210CM) AppleWebKit/537.36 (KHTML, like Gecko) Chrome/70.0.3538.110 Mobile Safari/537.36",Google,Chrome Mobile,70,LMX210CM,63448,6,0.1
2021-03-25 07:09:23.000,3cedc3886bb2644c6f86e372,10902,"Mozilla/5.0 (Linux; Android 8.1.0; LM-X210CM) AppleWebKit/537.36 (KHTML, like Gecko) Chrome/70.0.3538.110 Mobile Safari/537.36",Google,Chrome Mobile,70,LMX210CM,60732,7,
2021-03-25 12:14:15.000,4d3cbe2d095134c21c8ecd4e,10951,"Mozilla/5.0 (Linux; Android 8.1.0; LM-X210CM) AppleWebKit/537.36 (KHTML, like Gecko) Chrome/70.0.3538.110 Mobile Safari/537.36",Google,Chrome Mobile,70,LMX210CM,2509,9,
2021-03-25 12:14:18.000,28282efdb5db2a44ea424e9e,10893,"Mozilla/5.0 (Linux; Android 8.1.0; LM-X210CM) AppleWebKit/537.36 (KHTML, like Gecko) Chrome/70.0.3538.110 Mobile Safari/537.36",Google,Chrome Mobile,70,LMX210CM,842,20,
2021-03-25 04:39:08.000,c519f25177aaa9924716a3a3,10898,"Mozilla/5.0 (Linux; Android 8.1.0; LM-X210CM) AppleWebKit/537.36 (KHTML, like Gecko) Chrome/70.0.3538.110 Mobile Safari/537.36",Google,Chrome Mobile,70,LMX210CM,63450,17,0.1
2021-03-25 04:39:53.000,a0cc24e6c0f2f3d07607e95e,10935,"Mozilla/5.0 (Linux; Android 8.1.0; LM-X210CM) AppleWebKit/537.36 (KHTML, like Gecko) Chrome/70.0.3538.110 Mobile Safari/537.36",Google,Chrome Mobile,70,LMX210CM,2509,14,
2021-03-25 04:36:13.000,035b24edc0e6a45d51b48ec2,10935,"Mozilla/5.0 (Linux; Android 8.1.0; LM-X210CM) AppleWebKit/537.36 (KHTML, like Gecko) Chrome/70.0.3538.110 Mobile Safari/537.36",Google,Chrome Mobile,70,LMX210CM,2509,18,
2021-03-25 11:28:46.000,e9d68a72fd580e6638b0e9dd,10953,"Mozilla/5.0 (Linux; Android 8.1.0; LM-X210CM) AppleWebKit/537.36 (KHTML, like Gecko) Chrome/70.0.3538.110 Mobile Safari/537.36",Google,Chrome Mobile,70,LMX210CM,2509,9,
2021-03-25 10:12:32.000,adc538c61af820e2c25a3162,10546,"Mozilla/5.0 (Linux; Android 8.1.0; LM-X210CM) AppleWebKit/537.36 (KHTML, like Gecko) Chrome/70.0.3538.110 Mobile Safari/537.36",Google,Chrome Mobile,70,LMX210CM,2509,7,
2021-03-25 00:25:07.000,092d64738a4cd11f73dbcacf,10928,"Mozilla/5.0 (Linux; Android 8.1.0; LM-X210CM) AppleWebKit/537.36 (KHTML, like Gecko) Chrome/70.0.3538.110 Mobile Safari/537.36",Google,Chrome Mobile,70,LMX210CM,2509,14,
2021-03-25 00:06:24.000,018b54cb9771d56b4c117fdd,10953,"Mozilla/5.0 (Linux; Android 8.1.0; LM-X210CM) AppleWebKit/537.36 (KHTML, like Gecko) Chrome/70.0.3538.110 Mobile Safari/537.36",Google,Chrome Mobile,70,LMX210CM,48109,8,
2021-03-25 00:06:53.000,f8200cee77ffda89bb815026,10046,"Mozilla/5.0 (Linux; Android 8.1.0; LM-X210CM) AppleWebKit/537.36 (KHTML, like Gecko) Chrome/70.0.3538.110 Mobile Safari/537.36",Google,Chrome Mobile,70,LMX210CM,63448,8,0.13
2021-03-25 00:00:36.000,c41c941c769baf51a64b91b0,10954,"Mozilla/5.0 (Linux; Android 8.1.0; LM-X210CM) AppleWebKit/537.36 (KHTML, like Gecko) Chrome/70.0.3538.110 Mobile Safari/537.36",Google,Chrome Mobile,70,LMX210CM,,20,
2021-03-25 00:01:07.000,2304b41945d8f46ba7012701,10954,"Mozilla/5.0 (Linux; Android 8.1.0; LM-X210CM) AppleWebKit/537.36 (KHTML, like Gecko) Chrome/70.0.3538.110 Mobile Safari/537.36",Google,Chrome Mobile,70,LMX210CM,,7,
2021-03-25 00:09:35.000,d48f9a81e3576351017fa843,10928,"Mozilla/5.0 (Linux; Android 8.1.0; LM-X210CM) AppleWebKit/537.36 (KHTML, like Gecko) Chrome/70.0.3538.110 Mobile Safari/537.36",Google,Chrome Mobile,70,LMX210CM,58202,6,
2021-03-25 09:46:04.000,b1333d885a93069ebfbe105c,10928,"Mozilla/5.0 (Linux; Android 8.1.0; LM-X210CM) AppleWebKit/537.36 (KHTML, like Gecko) Chrome/70.0.3538.110 Mobile Safari/537.36",Google,Chrome Mobile,70,LMX210CM,58201,6,
2021-03-25 09:26:06.000,587af73eecb86bfb6a53adb4,10928,"Mozilla/5.0 (Linux; Android 8.1.0; LM-X210CM) AppleWebKit/537.36 (KHTML, like Gecko) Chrome/70.0.3538.110 Mobile Safari/537.36",Google,Chrome Mobile,70,LMX210CM,2509,6,
2021-03-25 02:56:31.000,804f5e0e8da029e86980df64,10784,"Mozilla/5.0 (Linux; Android 8.1.0; LM-X210CM) AppleWebKit/537.36 (KHTML, like Gecko) Chrome/70.0.3538.110 Mobile Safari/537.36",Google,Chrome Mobile,70,LMX210CM,2509,17,
2021-03-25 13:08:45.000,e7c9b92ad76d1f296380863d,10546,"Mozilla/5.0 (Linux; Android 8.1.0; LM-X210CM) AppleWebKit/537.36 (KHTML, like Gecko) Chrome/70.0.3538.110 Mobile Safari/537.36",Google,Chrome Mobile,70,LMX210CM,63448,9,
2021-03-25 12:34:17.000,d44f5551c36351c3cb5131c4,10928,"Mozilla/5.0 (Linux; Android 8.1.0; LM-X210CM) AppleWebKit/537.36 (KHTML, like Gecko) Chrome/70.0.3538.110 Mobile Safari/537.36",Google,Chrome Mobile,70,LMX210CM,58201,11,